id,report_month,bank_name,volume_mn,approved_pct,bd_pct,td_pct,reversal_count_mn,reversal_success_pct
1,2026-01-01,State Bank of India,5855.79,92.07,7.61,0.32,23.23,95.9
2,2026-01-01,HDFC Bank Ltd.,1651.17,94.08,5.87,0.05,4.63,92.59
3,2026-01-01,Bank of Baroda,1542.14,89.46,10.53,0.01,7.0,99.53
4,2026-01-01,Union Bank of India,1353.05,91.03,8.72,0.24,5.87,82.26
5,2026-01-01,Punjab National Bank,1222.89,88.58,10.88,0.54,8.57,79.78
6,2026-01-01,Canara Bank,1093.77,90.83,8.63,0.55,4.96,82.46
7,2026-01-01,Kotak Mahindra Bank,1091.42,90.27,9.73,0.0,3.9,98.25
8,2026-01-01,Axis Bank Ltd.,1016.49,94.22,5.78,0.0,2.73,97.0
9,2026-01-01,INDIA POST PAYMENTS BANK LIMITED,832.71,82.08,17.28,0.64,6.51,94.82
10,2026-01-01,ICICI Bank Ltd.,764.26,95.29,4.3,0.4,2.11,81.55
11,2026-01-01,Indian Bank,738.42,90.76,9.05,0.19,2.88,97.69
12,2026-01-01,Airtel Payments Bank Limited,738.09,78.94,20.89,0.18,5.96,98.39
13,2026-01-01,Bank Of India,687.39,92.22,7.73,0.05,3.32,96.95
14,2026-01-01,Indian Overseas Bank,383.18,91.59,8.2,0.21,1.72,89.05
15,2026-01-01,Central Bank of India,373.55,89.66,10.06,0.28,2.18,94.26
16,2026-01-01,UCO Bank,316.57,88.67,11.31,0.02,1.51,96.97
17,2026-01-01,Federal Bank Ltd.,290.33,92.04,7.93,0.03,0.76,98.66
18,2026-01-01,Bank of Maharashtra,246.23,92.49,7.5,0.01,0.79,95.72
19,2026-01-01,Indusind Bank Ltd.,237.56,87.16,12.68,0.16,1.3,82.57
20,2026-01-01,Fino Payments Bank Ltd.,229.08,78.32,20.92,0.77,2.3,68.82
21,2026-01-01,IDBI Bank Ltd.,218.9,92.87,6.98,0.15,0.75,84.37
22,2026-01-01,Yes Bank Ltd.,172.58,91.14,8.8,0.06,0.4,92.23
23,2026-01-01,Tri O Tech Solutions Private Limited,159.92,100.0,0.0,0.0,,0.0
24,2026-01-01,Karnataka Bank,155.9,90.67,9.09,0.24,0.58,98.12
25,2026-01-01,IDFC Bank Ltd.,131.03,92.19,7.78,0.02,0.37,98.02
26,2026-01-01,The Jammu & Kashmir Bank Limited,105.46,91.98,7.71,0.31,0.74,76.46
27,2026-01-01,Karur Vysya Bank,101.3,92.31,7.55,0.13,0.31,89.68
28,2026-01-01,BANDHAN BANK LIMITED,99.04,95.22,4.49,0.29,0.58,97.6
29,2026-01-01,JIO PAYMENTS BANK LTD,90.12,82.46,16.83,0.71,1.43,96.76
30,2026-01-01,AU small Finance Bank,87.17,87.32,12.12,0.56,0.55,79.76
31,2026-01-01,The South Indian Bank Limited,81.99,94.32,5.63,0.06,0.16,99.36
32,2026-01-01,NSDL Payments Bank Limited,72.22,77.96,20.24,1.8,1.28,77.92
33,2026-01-01,Punjab and Sind Bank,63.67,88.21,11.08,0.71,0.37,94.72
34,2026-01-01,Tamilnad Mercantile Bank Limited,61.69,92.17,7.74,0.09,0.18,93.01
35,2026-01-01,UJJIVAN SMALL FINANCE BANK LIMITED,60.33,88.73,11.11,0.16,0.29,92.79
36,2026-01-01,City Union Bank,60.03,91.53,8.42,0.05,0.17,99.82
37,2026-01-01,Rajasthan Marudhara Gramin Bank,57.4,84.87,13.13,1.99,0.58,87.29
38,2026-01-01,KERALA GRAMIN BANK,57.0,92.43,7.27,0.3,0.17,89.16
39,2026-01-01,Slice Small Finance Bank Ltd,56.48,95.04,4.84,0.11,0.29,90.38
40,2026-01-01,Karnataka Gramin Bank,55.87,87.39,11.59,1.02,0.35,59.51
41,2026-01-01,TELANGANA GRAMEENA BANK,48.68,86.99,10.66,2.34,0.38,48.74
42,2026-01-01,CHAITANYA GODAVARI GRAMEENA BANK,43.44,89.52,9.69,0.8,0.26,69.21
43,2026-01-01,Maharashtra Gramin Bank,41.15,83.7,14.61,1.69,0.29,42.54
44,2026-01-01,ESAF SMALL FINANCE BANK LTD,37.02,95.45,3.92,0.63,0.18,78.32
45,2026-01-01,Saraswat Co-operative Bank,33.06,94.18,5.56,0.27,0.09,89.22
46,2026-01-01,DBS Bank India Limited,31.99,91.47,8.45,0.08,0.1,90.6
47,2026-01-01,RBL Bank Ltd.,31.06,91.64,7.8,0.56,0.08,85.01
48,2026-01-01,EQUITAS SMALL FINANCE BANK,29.41,89.89,10.09,0.02,0.11,98.52
49,2026-01-01,SARVA HARYANA GRAMIN BANK,27.49,91.0,7.91,1.1,0.33,67.98
50,2026-01-01,ONE MOBIKWIK SYSTEMS LIMITED,24.65,99.95,0.05,0.0,,0.0
51,2026-02-01,State Bank of India,5518.02,92.24,7.73,0.04,21.1,98.31
52,2026-02-01,HDFC Bank Ltd.,1525.33,94.07,5.84,0.09,4.54,80.05
53,2026-02-01,Bank of Baroda,1460.03,89.37,10.62,0.01,6.43,98.45
54,2026-02-01,Union Bank of India,1285.21,91.21,8.79,0.01,4.61,94.6
55,2026-02-01,Punjab National Bank,1150.14,88.49,10.9,0.61,7.15,87.48
56,2026-02-01,Canara Bank,1029.34,91.63,8.22,0.15,4.01,86.78
57,2026-02-01,Kotak Mahindra Bank,1020.92,90.24,9.76,0.0,3.58,96.65
58,2026-02-01,Axis Bank Ltd.,934.11,94.09,5.91,0.0,2.35,96.48
59,2026-02-01,INDIA POST PAYMENTS BANK LIMITED,769.03,82.05,17.36,0.59,5.83,92.78
60,2026-02-01,Indian Bank,703.41,90.72,9.27,0.01,2.47,95.96
61,2026-02-01,ICICI Bank Ltd.,691.15,95.5,4.5,0.0,1.34,95.44
62,2026-02-01,Airtel Payments Bank Limited,680.62,77.78,21.97,0.25,5.28,89.92
63,2026-02-01,Bank Of India,644.12,91.74,7.69,0.57,3.65,86.2
64,2026-02-01,Indian Overseas Bank,369.12,91.71,8.19,0.09,1.44,90.98
65,2026-02-01,Central Bank of India,357.01,88.96,10.24,0.8,2.44,77.2
66,2026-02-01,UCO Bank,298.32,87.95,11.84,0.21,1.53,85.27
67,2026-02-01,Federal Bank Ltd.,266.98,91.74,8.19,0.07,0.67,98.21
68,2026-02-01,Fino Payments Bank Ltd.,236.38,78.72,21.22,0.06,1.7,92.23
69,2026-02-01,Bank of Maharashtra,229.72,92.28,7.71,0.01,0.73,91.34
70,2026-02-01,Indusind Bank Ltd.,222.25,86.77,12.92,0.3,1.2,79.29
71,2026-02-01,IDBI Bank Ltd.,203.74,92.83,7.17,0.0,0.69,82.31
72,2026-02-01,Yes Bank Ltd.,154.27,90.79,9.15,0.06,0.36,91.66
73,2026-02-01,Tri O Tech Solutions Private Limited,147.62,100.0,0.0,0.0,,0.0
74,2026-02-01,Karnataka Bank,145.72,90.8,8.86,0.34,0.64,86.8
75,2026-02-01,IDFC Bank Ltd.,143.48,92.82,6.77,0.42,0.4,78.32
76,2026-02-01,The Jammu & Kashmir Bank Limited,99.71,92.09,7.77,0.14,0.54,83.17
77,2026-02-01,Karur Vysya Bank,96.54,92.17,7.69,0.14,0.32,85.04
78,2026-02-01,BANDHAN BANK LIMITED,92.43,94.94,4.8,0.25,0.55,88.1
79,2026-02-01,JIO PAYMENTS BANK LTD,89.08,82.14,17.58,0.28,1.32,95.74
80,2026-02-01,AU small Finance Bank,81.88,88.0,12.0,0.0,0.42,52.09
81,2026-02-01,The South Indian Bank Limited,75.83,94.11,5.84,0.06,0.15,97.25
82,2026-02-01,Baroda U.P. Bank,75.3,88.41,4.33,7.26,1.74,38.99
83,2026-02-01,NSDL Payments Bank Limited,68.12,74.79,20.33,4.88,1.45,69.67
84,2026-02-01,Punjab and Sind Bank,61.26,88.17,11.57,0.26,0.36,91.25
85,2026-02-01,North East Small Finance Bank Ltd,60.71,95.03,4.97,0.0,0.26,92.54
86,2026-02-01,Tamilnad Mercantile Bank Limited,59.48,91.34,7.97,0.7,0.2,83.94
87,2026-02-01,UJJIVAN SMALL FINANCE BANK LIMITED,57.23,87.98,11.95,0.07,0.27,94.09
88,2026-02-01,City Union Bank,57.07,91.46,8.34,0.2,0.17,99.8
89,2026-02-01,Rajasthan Marudhara Gramin Bank,56.22,84.8,13.35,1.86,0.58,76.17
90,2026-02-01,Karnataka Gramin Bank,53.13,87.04,11.51,1.45,0.27,71.7
91,2026-02-01,KERALA GRAMIN BANK,52.11,92.54,7.17,0.3,0.17,77.41
92,2026-02-01,TELANGANA GRAMEENA BANK,45.12,86.99,11.67,1.33,0.21,69.3
93,2026-02-01,CHAITANYA GODAVARI GRAMEENA BANK,41.7,86.75,11.64,1.61,0.34,48.07
94,2026-02-01,Maharashtra Gramin Bank,38.34,83.03,15.54,1.43,0.24,51.88
95,2026-02-01,ESAF SMALL FINANCE BANK LTD,34.11,96.13,3.61,0.26,0.13,96.43
96,2026-02-01,RBL Bank Ltd.,31.46,92.52,7.07,0.41,0.12,59.65
97,2026-02-01,Saraswat Co-operative Bank,30.91,94.12,5.51,0.37,0.1,80.1
98,2026-02-01,DBS Bank India Limited,29.9,91.17,8.61,0.22,0.11,76.56
99,2026-02-01,EQUITAS SMALL FINANCE BANK,27.51,89.61,10.37,0.02,0.1,97.24
100,2026-02-01,SARVA HARYANA GRAMIN BANK,26.06,89.86,7.47,2.66,0.38,49.96
101,2026-03-01,State Bank Of India,6262.1,91.97,7.87,0.16,21.46,98.75
102,2026-03-01,Hdfc Bank Ltd.,1703.53,93.73,6.27,0.0,4.01,97.27
103,2026-03-01,Bank Of Baroda,1649.23,88.67,11.23,0.1,7.24,95.72
104,2026-03-01,Union Bank Of India,1451.37,90.62,9.17,0.2,5.5,84.64
105,2026-03-01,Punjab National Bank,1301.5,88.51,11.35,0.13,7.22,97.79
106,2026-03-01,Canara Bank,1160.95,91.33,8.49,0.19,4.46,87.34
107,2026-03-01,Kotak Mahindra Bank,1134.21,89.71,10.15,0.14,3.74,94.53
108,2026-03-01,Axis Bank Ltd.,1029.58,93.65,6.35,0.0,2.47,98.87
109,2026-03-01,India Post Payments Bank Limited,884.14,83.0,16.81,0.19,6.49,92.88
110,2026-03-01,Indian Bank,794.12,90.07,9.8,0.12,2.7,73.06
111,2026-03-01,Airtel Payments Bank Limited,787.26,76.37,23.4,0.23,5.62,96.21
112,2026-03-01,Icici Bank Ltd.,768.31,95.27,4.57,0.16,1.68,92.14
113,2026-03-01,Bank Of India,725.98,91.28,8.26,0.46,3.35,87.46
114,2026-03-01,Indian Overseas Bank,417.72,91.53,8.45,0.02,1.43,98.97
115,2026-03-01,Central Bank Of India,409.5,88.5,10.61,0.89,2.59,79.93
116,2026-03-01,Uco Bank,335.66,87.36,12.56,0.08,1.49,95.48
117,2026-03-01,Federal Bank Ltd.,293.37,91.03,8.88,0.09,0.67,99.8
118,2026-03-01,Fino Payments Bank Ltd.,275.22,77.87,22.07,0.06,1.87,93.99
119,2026-03-01,Bank Of Maharashtra,260.31,91.57,8.15,0.28,0.88,86.45
120,2026-03-01,Indusind Bank Ltd.,249.91,86.24,13.59,0.17,1.2,83.1
121,2026-03-01,Idbi Bank Ltd.,228.49,91.81,7.65,0.54,0.98,69.46
122,2026-03-01,Yes Bank Ltd.,167.38,90.42,9.41,0.17,0.38,86.84
123,2026-03-01,Tri O Tech Solutions Private Limited,166.67,100.0,0.0,0.0,,0.0
124,2026-03-01,Idfc Bank Ltd.,163.66,92.92,7.05,0.03,0.35,95.29
125,2026-03-01,Karnataka Bank,163.57,90.6,9.2,0.21,0.59,91.13
126,2026-03-01,Karur Vysya Bank,108.15,91.4,8.32,0.29,0.38,83.86
127,2026-03-01,The Jammu & Kashmir Bank Limited,108.13,91.55,8.2,0.25,0.6,80.75
128,2026-03-01,Bandhan Bank Limited,102.11,94.77,4.5,0.74,0.65,80.86
129,2026-03-01,Jio Payments Bank Ltd,101.97,80.8,18.89,0.3,1.49,98.74
130,2026-03-01,Au Small Finance Bank,92.46,87.14,12.76,0.1,0.4,95.24
131,2026-03-01,Baroda U.P. Bank,90.1,84.79,5.05,10.17,2.77,43.14
132,2026-03-01,The South Indian Bank Limited,84.24,93.51,6.28,0.21,0.15,98.35
133,2026-03-01,Nsdl Payments Bank Limited,78.59,75.74,22.63,1.63,1.33,90.81
134,2026-03-01,Slice Small Finance Bank Limited(North East Small Finance Bank Limited),70.17,93.96,5.77,0.27,0.29,88.41
135,2026-03-01,Punjab And Sind Bank,69.58,87.47,12.25,0.28,0.4,90.35
136,2026-03-01,Tamilnad Mercantile Bank Limited,66.82,91.41,8.05,0.54,0.19,90.27
137,2026-03-01,Ujjivan Small Finance Bank Limited,64.24,87.46,12.29,0.25,0.3,92.18
138,2026-03-01,Rajasthan Marudhara Gramin Bank,64.16,84.83,14.49,0.68,0.48,94.64
139,2026-03-01,City Union Bank,62.47,90.59,9.03,0.38,0.19,99.85
140,2026-03-01,Karnataka Gramin Bank,61.01,88.01,10.86,1.14,0.36,55.12
141,2026-03-01,Kerala Gramin Bank,58.84,93.23,6.54,0.23,0.16,89.49
142,2026-03-01,Telangana Grameena Bank,52.64,86.27,11.89,1.84,0.17,90.28
143,2026-03-01,Chaitanya Godavari Grameena Bank,49.65,84.05,14.76,1.2,0.4,42.77
144,2026-03-01,Maharashtra Gramin Bank,44.51,81.31,15.23,3.46,0.35,37.78
145,2026-03-01,Esaf Small Finance Bank Ltd,38.08,95.77,3.54,0.69,0.18,91.69
146,2026-03-01,Rbl Bank Ltd.,35.74,92.39,7.27,0.33,0.09,76.16
147,2026-03-01,Saraswat Co-Operative Bank,34.68,93.65,5.83,0.52,0.12,74.63
148,2026-03-01,Dbs Bank India Limited,33.05,90.82,9.08,0.1,0.1,94.05
149,2026-03-01,Equitas Small Finance Bank,30.52,88.84,11.07,0.09,0.11,94.56
150,2026-03-01,Sarva Haryana Gramin Bank,29.02,91.15,8.65,0.2,0.22,84.51
151,2026-04-01,State Bank Of India,6183.11,91.57,8.25,0.17,17.72,96.68
152,2026-04-01,Hdfc Bank Ltd.,1669.79,93.68,6.28,0.05,3.64,96.15
153,2026-04-01,Bank Of Baroda,1638.53,88.32,11.62,0.06,5.46,97.86
154,2026-04-01,Union Bank Of India,1447.9,90.79,9.21,0.0,4.06,97.83
155,2026-04-01,Punjab National Bank,1315.38,88.57,11.11,0.32,6.06,98.13
156,2026-04-01,Canara Bank,1152.59,91.22,8.52,0.26,3.84,82.05
157,2026-04-01,Kotak Mahindra Bank,1123.84,89.68,10.31,0.01,2.89,98.66
158,2026-04-01,Axis Bank Ltd.,1017.31,93.64,6.36,0.01,2.16,99.35
159,2026-04-01,India Post Payments Bank Limited,869.56,81.68,17.57,0.76,5.61,80.94
160,2026-04-01,Indian Bank,783.67,89.65,10.27,0.08,2.0,17.92
161,2026-04-01,Icici Bank Ltd.,775.63,95.61,4.39,0.0,1.29,98.57
162,2026-04-01,Airtel Payments Bank Limited,772.45,74.38,25.28,0.34,4.05,99.84
163,2026-04-01,Bank Of India,712.52,91.33,8.63,0.04,0.85,1.08
164,2026-04-01,Indian Overseas Bank,412.91,91.14,8.76,0.1,1.4,92.92
165,2026-04-01,Central Bank Of India,408.62,87.14,11.47,1.39,2.56,72.51
166,2026-04-01,Uco Bank,329.07,86.58,13.27,0.15,1.39,78.64
167,2026-04-01,Federal Bank Ltd.,288.29,90.93,9.02,0.05,0.58,99.57
168,2026-04-01,Fino Payments Bank Ltd.,268.5,77.64,22.14,0.22,1.57,88.32
169,2026-04-01,Bank Of Maharashtra,259.61,90.76,9.09,0.15,0.78,86.62
170,2026-04-01,Indusind Bank Ltd.,248.08,85.99,13.9,0.11,0.88,98.55
171,2026-04-01,Idbi Bank Ltd.,226.76,91.74,8.15,0.11,0.66,92.75
172,2026-04-01,Tri O Tech Solutions Private Limited,180.33,100.0,0.0,0.0,,0.0
173,2026-04-01,Yes Bank Ltd.,169.52,91.08,8.75,0.17,0.33,86.69
174,2026-04-01,Karnataka Bank,161.94,90.54,9.39,0.07,0.43,89.82
175,2026-04-01,Idfc Bank Ltd.,143.99,91.88,8.08,0.04,0.32,92.77
176,2026-04-01,The Jammu & Kashmir Bank Limited,116.59,92.08,7.88,0.04,0.42,81.84
177,2026-04-01,Karur Vysya Bank,104.46,92.28,7.53,0.2,0.29,82.05
178,2026-04-01,Jio Payments Bank Ltd,102.39,80.65,18.91,0.45,1.18,96.83
179,2026-04-01,Bandhan Bank Limited,100.26,94.9,4.67,0.42,0.48,98.22
180,2026-04-01,Au Small Finance Bank,89.99,86.59,12.79,0.62,0.34,89.3
181,2026-04-01,Baroda U.P. Bank,85.89,91.18,5.48,3.33,1.18,51.78
182,2026-04-01,The South Indian Bank Limited,81.23,93.59,6.27,0.14,0.13,97.25
183,2026-04-01,Nsdl Payments Bank Limited,80.35,73.05,23.28,3.67,1.32,84.35
184,2026-04-01,Slice Small Finance Bank Limited(North East Small Finance Bank Limited),76.91,94.23,5.67,0.1,0.24,92.65
185,2026-04-01,Punjab And Sind Bank,69.04,87.12,12.59,0.29,0.34,89.62
186,2026-04-01,Rajasthan Marudhara Gramin Bank,65.75,79.61,14.36,6.03,0.45,70.27
187,2026-04-01,Tamilnad Mercantile Bank Limited,64.04,91.45,8.25,0.3,0.14,94.33
188,2026-04-01,Ujjivan Small Finance Bank Limited,63.65,86.48,12.78,0.75,0.27,82.49
189,2026-04-01,Karnataka Gramin Bank,61.4,85.98,11.44,2.58,0.66,29.74
190,2026-04-01,City Union Bank,60.88,91.38,8.35,0.27,0.13,99.75
191,2026-04-01,Kerala Gramin Bank,57.67,92.76,6.84,0.41,0.18,73.75
192,2026-04-01,Telangana Grameena Bank,53.21,85.61,11.3,3.09,0.16,85.05
193,2026-04-01,Chaitanya Godavari Grameena Bank,48.58,86.3,12.67,1.03,0.31,49.89
194,2026-04-01,Maharashtra Gramin Bank,44.54,83.24,15.59,1.17,0.19,59.45
195,2026-04-01,Esaf Small Finance Bank Ltd,36.72,94.62,3.69,1.69,0.22,78.64
196,2026-04-01,Saraswat Co-Operative Bank,34.24,93.48,5.89,0.63,0.11,68.64
197,2026-04-01,Dbs Bank India Limited,31.89,91.08,8.72,0.2,0.08,100.0
198,2026-04-01,Rbl Bank Ltd.,30.92,90.41,8.98,0.61,0.09,71.52
199,2026-04-01,Equitas Small Finance Bank,29.77,88.92,11.02,0.06,0.08,95.36
200,2026-04-01,One Mobikwik Systems Limited,29.23,100.0,0.0,0.0,,0.0
201,2026-05-01,State Bank Of India,6439.49,91.18,8.65,0.17,20.28,97.96
202,2026-05-01,Hdfc Bank Ltd.,1735.66,93.43,6.55,0.02,3.9,96.54
203,2026-05-01,Bank Of Baroda,1713.53,87.84,12.09,0.07,6.31,97.6
204,2026-05-01,Union Bank Of India,1508.82,90.47,9.52,0.01,4.66,97.92
205,2026-05-01,Punjab National Bank,1397.83,88.6,10.54,0.87,9.92,74.84
206,2026-05-01,Canara Bank,1205.08,90.95,8.95,0.09,4.2,90.67
207,2026-05-01,Kotak Mahindra Bank,1164.23,89.3,10.7,0.01,3.32,98.05
208,2026-05-01,Axis Bank Ltd.,1056.95,93.43,6.56,0.01,2.4,99.77
209,2026-05-01,India Post Payments Bank Limited,895.96,81.48,18.1,0.42,5.65,92.35
210,2026-05-01,Indian Bank,804.65,86.16,13.32,0.52,3.42,65.49
211,2026-05-01,Icici Bank Ltd.,795.41,95.4,4.58,0.02,1.45,96.38
212,2026-05-01,Airtel Payments Bank Limited,771.76,73.99,25.73,0.28,4.57,93.47
213,2026-05-01,Bank Of India,749.48,91.15,8.8,0.05,2.86,92.37
214,2026-05-01,Indian Overseas Bank,437.45,90.73,9.25,0.02,1.52,98.78
215,2026-05-01,Central Bank Of India,429.9,86.54,11.91,1.54,2.9,74.49
216,2026-05-01,Uco Bank,343.09,87.65,12.29,0.06,1.4,95.09
217,2026-05-01,Federal Bank Ltd.,300.98,90.58,9.38,0.04,0.72,97.95
218,2026-05-01,Fino Payments Bank Ltd.,286.37,76.41,23.09,0.5,1.92,90.48
219,2026-05-01,Bank Of Maharashtra,263.89,90.82,8.87,0.31,0.84,85.93
220,2026-05-01,Indusind Bank Ltd.,258.24,85.37,14.55,0.08,1.18,80.81
221,2026-05-01,Idbi Bank Ltd.,234.77,90.84,8.39,0.77,1.07,61.05
222,2026-05-01,Tri O Tech Solutions Private Limited,194.3,100.0,0.0,0.0,,0.0
223,2026-05-01,Yes Bank Ltd.,175.62,92.12,7.75,0.13,0.35,87.56
224,2026-05-01,Karnataka Bank,167.31,90.05,9.74,0.21,0.6,78.38
225,2026-05-01,Idfc Bank Ltd.,167.07,92.45,7.53,0.03,0.34,92.84
226,2026-05-01,The Jammu & Kashmir Bank Limited,126.89,92.45,7.5,0.05,0.46,90.74
227,2026-05-01,Karur Vysya Bank,109.01,92.42,7.4,0.18,0.36,88.11
228,2026-05-01,Jio Payments Bank Ltd,106.77,80.78,19.07,0.14,1.28,99.19
229,2026-05-01,Bandhan Bank Limited,101.98,93.76,5.3,0.93,0.66,29.16
230,2026-05-01,Au Small Finance Bank,95.59,86.14,13.66,0.2,0.4,85.3
231,2026-05-01,Baroda U.P. Bank,92.52,89.42,5.67,4.91,1.57,49.12
232,2026-05-01,Slice Small Finance Bank Limited(North East Small Finance Bank Limited),85.94,94.0,5.93,0.07,0.28,95.9
233,2026-05-01,The South Indian Bank Limited,85.44,93.16,6.45,0.39,0.16,98.2
234,2026-05-01,Nsdl Payments Bank Limited,84.08,73.85,25.77,0.39,1.06,95.45
235,2026-05-01,Punjab And Sind Bank,73.48,87.01,12.63,0.37,0.4,86.12
236,2026-05-01,Rajasthan Marudhara Gramin Bank,67.91,84.03,15.26,0.71,0.42,91.26
237,2026-05-01,Tamilnad Mercantile Bank Limited,67.33,90.84,8.44,0.72,0.22,88.17
238,2026-05-01,Ujjivan Small Finance Bank Limited,66.55,86.03,13.73,0.23,0.28,92.89
239,2026-05-01,City Union Bank,63.65,91.5,8.45,0.05,0.16,99.68
240,2026-05-01,Karnataka Gramin Bank,63.58,86.81,11.5,1.69,0.52,39.42
241,2026-05-01,Kerala Gramin Bank,61.29,92.72,6.98,0.3,0.2,79.55
242,2026-05-01,Telangana Grameena Bank,54.81,86.71,11.72,1.57,0.31,47.99
243,2026-05-01,Chaitanya Godavari Grameena Bank,50.14,88.36,11.0,0.64,0.21,77.23
244,2026-05-01,Maharashtra Gramin Bank,46.28,83.38,15.54,1.08,0.19,60.34
245,2026-05-01,Esaf Small Finance Bank Ltd,38.36,95.1,3.4,1.5,0.19,66.09
246,2026-05-01,Saraswat Co-Operative Bank,35.29,92.46,6.54,1.0,0.15,58.76
247,2026-05-01,Sarva Haryana Gramin Bank,32.85,84.69,14.23,1.08,0.22,79.48
248,2026-05-01,Dbs Bank India Limited,32.61,90.71,9.21,0.08,0.1,92.92
249,2026-05-01,Equitas Small Finance Bank,30.79,88.2,11.48,0.32,0.11,86.46
250,2026-05-01,One Mobikwik Systems Limited,29.58,100.0,0.0,0.0,,0.0
251,2025-06-01,State Bank of India,4917.29,0.9364,0.0582,0.0054,12.9,0.9827
252,2025-06-01,HDFC Bank Ltd.,1472.04,0.953,0.0462,0.0008,1.8,0.9945
253,2025-06-01,Bank of Baroda,1239.11,0.9109,0.0888,0.0003,3.01,0.9854
254,2025-06-01,Union Bank of India,1144.76,0.9295,0.0694,0.0011,2.71,0.8894
255,2025-06-01,Punjab National Bank,1053.0,0.9238,0.0759,0.0002,2.67,0.9901
256,2025-06-01,Kotak Mahindra Bank,906.5,0.9248,0.0749,0.0004,1.92,0.9708
257,2025-06-01,Canara Bank,889.37,0.9285,0.0683,0.0032,2.61,0.6738
258,2025-06-01,Axis Bank Ltd.,834.65,0.9452,0.0512,0.0036,2.15,0.6954
259,2025-06-01,ICICI Bank Ltd.,696.88,0.9624,0.0374,0.0003,1.15,0.9602
260,2025-06-01,Indian Bank,586.64,0.9323,0.0669,0.0008,1.15,0.9762
261,2025-06-01,India Post Payments Bank Limited,580.38,0.8895,0.1065,0.0041,2.15,0.8483
262,2025-06-01,Bank Of India,570.58,0.9287,0.0583,0.013,3.53,0.4585
263,2025-06-01,Airtel Payments Bank Limited,569.33,0.8708,0.1252,0.004,2.02,0.9449
264,2025-06-01,Indian Overseas Bank,298.47,0.9276,0.0678,0.0045,0.72,0.9739
265,2025-06-01,Central Bank of India,265.57,0.9164,0.0794,0.0042,0.97,0.87
266,2025-06-01,UCO Bank,254.42,0.9181,0.0778,0.0041,0.95,0.8451
267,2025-06-01,Federal Bank Ltd.,242.1,0.9338,0.066,0.0002,0.42,0.9594
268,2025-06-01,Fino Payments Bank Ltd.,209.27,0.8738,0.1174,0.0088,0.9,0.7708
269,2025-06-01,Bank of Maharashtra,200.61,0.9359,0.0638,0.0003,0.46,0.9605
270,2025-06-01,Indusind Bank Ltd.,196.57,0.8994,0.0941,0.0064,0.93,0.5163
271,2025-06-01,IDBI Bank Ltd.,193.91,0.9365,0.0608,0.0027,0.53,0.8441
272,2025-06-01,Yes Bank Ltd.,180.35,0.9255,0.0737,0.0008,0.25,0.8572
273,2025-06-01,Karnataka Bank,138.5,0.9241,0.0734,0.0025,0.35,0.7732
274,2025-06-01,Tri O Tech Solutions Private Limited,112.44,1.0,0.0,0.0,,0.0
275,2025-06-01,IDFC Bank Ltd.,112.34,0.9354,0.0632,0.0014,0.25,0.838
276,2025-06-01,The Jammu & Kashmir Bank Limited,97.27,0.9334,0.0592,0.0073,0.64,0.4111
277,2025-06-01,Karur Vysya Bank,89.99,0.9312,0.0659,0.0029,0.18,0.9226
278,2025-06-01,Bandhan Bank limited,84.89,0.9423,0.0528,0.0049,0.29,0.9399
279,2025-06-01,AU Small Finance Bank,72.91,0.9035,0.0961,0.0004,0.21,0.9205
280,2025-06-01,The South Indian Bank Limited,68.49,0.9467,0.0513,0.0019,0.1,0.9873
281,2025-06-01,Punjab and Sind Bank,55.07,0.9118,0.0776,0.0106,0.35,0.7182
282,2025-06-01,City Union Bank,52.89,0.922,0.0759,0.002,0.08,0.9933
283,2025-06-01,Ujjivan Small Finance Bank Limited,52.39,0.9145,0.0825,0.003,0.14,0.8738
284,2025-06-01,Tamilnad Mercantile Bank Limited,52.32,0.9304,0.0681,0.0015,0.08,0.7268
285,2025-06-01,JIO Payments Bank Ltd,52.13,0.8591,0.1308,0.0101,0.38,0.9266
286,2025-06-01,Baroda U.P. Bank,44.19,0.9321,0.0556,0.0123,0.28,0.5369
287,2025-06-01,Kerala Gramin Bank,43.3,0.9163,0.0678,0.0158,0.34,0.7304
288,2025-06-01,Telangana Grameena Bank,41.11,0.8707,0.1014,0.0279,0.28,0.6585
289,2025-06-01,NSDL Payments Bank Limited,38.69,0.8505,0.1421,0.0074,0.22,0.7712
290,2025-06-01,Karnataka Gramin Bank,34.24,0.8811,0.0933,0.0256,0.29,0.646
291,2025-06-01,Maharashtra Gramin Bank,34.01,0.8629,0.1286,0.0085,0.14,0.5719
292,2025-06-01,Rajasthan Marudhara Gramin Bank,33.3,0.8673,0.1181,0.0147,0.17,0.7369
293,2025-06-01,RBL Bank Ltd.,32.16,0.9389,0.0588,0.0023,0.07,0.6168
294,2025-06-01,ESAF Small Finance Bank Ltd,31.54,0.9588,0.0402,0.001,0.07,0.94
295,2025-06-01,DBS Bank India Limited,30.55,0.9329,0.0652,0.0019,0.07,0.8706
296,2025-06-01,Andhra Pragathi Grameena Bank,29.66,0.8304,0.127,0.0426,0.23,0.639
297,2025-06-01,Equitas Small Finance Bank,28.87,0.9134,0.0866,0.0,0.07,0.9913
298,2025-06-01,Saraswat Co-operative Bank,28.21,0.9461,0.053,0.0008,0.06,0.8918
299,2025-06-01,Sarva Haryana Gramin Bank,24.99,0.946,0.0455,0.0084,0.14,0.6495
300,2025-06-01,Standard Chartered Bank,24.78,0.9578,0.0388,0.0033,0.05,0.7466
301,2025-07-01,State Bank of India,5214.74,0.9322,0.0617,0.0061,17.16,0.6371
302,2025-07-01,HDFC Bank Ltd.,1543.98,0.9516,0.0476,0.0008,0.44,0.9992
303,2025-07-01,Bank of Baroda,1328.01,0.907,0.0908,0.0022,3.73,0.9768
304,2025-07-01,Union Bank of India,1200.25,0.9281,0.0698,0.002,3.44,0.8593
305,2025-07-01,Punjab National Bank,1106.8,0.9141,0.0839,0.0019,3.55,0.9866
306,2025-07-01,Kotak Mahindra Bank,960.38,0.9229,0.0769,0.0002,2.18,0.9786
307,2025-07-01,Canara Bank,942.67,0.9265,0.0711,0.0024,2.84,0.8215
308,2025-07-01,Axis Bank Ltd.,875.5,0.9464,0.0533,0.0004,1.8,0.9782
309,2025-07-01,ICICI Bank Ltd.,735.99,0.9608,0.0389,0.0002,1.33,0.9772
310,2025-07-01,India Post Payments Bank Limited,637.61,0.8872,0.1116,0.0012,2.33,0.9938
311,2025-07-01,Indian Bank,631.57,0.9254,0.0721,0.0025,1.67,0.8713
312,2025-07-01,Airtel Payments Bank Limited,615.75,0.8584,0.1406,0.0011,2.35,0.9821
313,2025-07-01,Bank Of India,606.19,0.9122,0.0634,0.0244,3.87,0.5497
314,2025-07-01,Indian Overseas Bank,322.83,0.9131,0.0792,0.0076,1.96,0.581
315,2025-07-01,Central Bank of India,292.2,0.9116,0.0803,0.0081,1.41,0.7847
316,2025-07-01,UCO Bank,273.67,0.9141,0.0842,0.0018,0.91,0.8854
317,2025-07-01,Federal Bank Ltd.,257.37,0.9318,0.0671,0.0011,0.55,0.9709
318,2025-07-01,Fino Payments Bank Ltd.,223.0,0.8683,0.1253,0.0064,0.93,0.9045
319,2025-07-01,Bank of Maharashtra,213.67,0.9327,0.066,0.0013,0.56,0.9276
320,2025-07-01,Indusind Bank Ltd.,211.2,0.8996,0.0993,0.001,0.72,0.8064
321,2025-07-01,IDBI Bank Ltd.,204.29,0.9345,0.0633,0.0022,0.67,0.88
322,2025-07-01,Yes Bank Ltd.,203.24,0.9222,0.0768,0.0011,0.29,0.8692
323,2025-07-01,Karnataka Bank,140.62,0.9218,0.0741,0.0041,0.4,0.7569
324,2025-07-01,Tri O Tech Solutions Private Limited,124.55,1.0,0.0,0.0,,0.0
325,2025-07-01,IDFC Bank Ltd.,118.94,0.9326,0.0655,0.0018,0.32,0.8318
326,2025-07-01,The Jammu & Kashmir Bank Limited,106.4,0.8864,0.0556,0.0579,2.28,0.1194
327,2025-07-01,Karur Vysya Bank,95.01,0.9255,0.0664,0.0081,0.39,0.6516
328,2025-07-01,Bandhan Bank limited,90.18,0.9392,0.0541,0.0067,0.39,0.8242
329,2025-07-01,AU Small Finance Bank,77.71,0.8921,0.1011,0.0068,0.34,0.705
330,2025-07-01,The South Indian Bank Limited,72.87,0.9468,0.0508,0.0024,0.15,0.9926
331,2025-07-01,JIO Payments Bank Ltd,58.03,0.8607,0.1254,0.0139,0.53,0.8405
332,2025-07-01,Punjab and Sind Bank,57.19,0.9096,0.0817,0.0087,0.33,0.762
333,2025-07-01,City Union Bank,56.65,0.923,0.0756,0.0014,0.13,0.9987
334,2025-07-01,Tamilnad Mercantile Bank Limited,55.91,0.9144,0.0729,0.0127,0.24,0.6784
335,2025-07-01,Ujjivan Small Finance Bank Limited,54.99,0.8992,0.0892,0.0116,0.19,0.8013
336,2025-07-01,Baroda U.P. Bank,48.24,0.9271,0.0561,0.0168,0.32,0.5653
337,2025-07-01,Kerala Gramin Bank,46.93,0.9133,0.0704,0.0164,0.42,0.8531
338,2025-07-01,NSDL Payments Bank Limited,45.7,0.8488,0.1423,0.0089,0.3,0.746
339,2025-07-01,Telangana Grameena Bank,40.36,0.8811,0.1035,0.0154,0.38,0.5678
340,2025-07-01,Maharashtra Gramin Bank,37.37,0.8463,0.1382,0.0156,0.2,0.6299
341,2025-07-01,Rajasthan Marudhara Gramin Bank,36.15,0.8528,0.1234,0.0238,0.32,0.4095
342,2025-07-01,Karnataka Gramin Bank,34.96,0.8909,0.1003,0.0088,0.19,0.9119
343,2025-07-01,ESAF Small Finance Bank Ltd,33.38,0.957,0.0426,0.0004,0.09,0.9784
344,2025-07-01,Andhra Pragathi Grameena Bank,31.91,0.8227,0.1396,0.0378,0.28,0.3242
345,2025-07-01,DBS Bank India Limited,31.81,0.9309,0.0676,0.0015,0.08,0.9578
346,2025-07-01,RBL Bank Ltd.,31.22,0.9243,0.0709,0.0048,0.1,0.7993
347,2025-07-01,Equitas Small Finance Bank,30.07,0.9114,0.0886,0.0001,0.08,0.9928
348,2025-07-01,Saraswat Co-operative Bank,29.63,0.9475,0.0511,0.0015,0.06,0.9644
349,2025-07-01,Sarva Haryana Gramin Bank,26.28,0.9429,0.047,0.0101,0.18,0.5732
350,2025-07-01,Standard Chartered Bank,23.69,0.9549,0.0422,0.003,0.06,0.6911
351,2025-08-01,State Bank of India,5368.74,93.66,5.92,0.42,14.51,97.89
352,2025-08-01,HDFC Bank Ltd.,1581.09,95.37,4.63,0.01,3.51,98.73
353,2025-08-01,Bank of Baroda,1369.53,91.44,8.5,0.05,3.73,99.03
354,2025-08-01,Union Bank of India,1233.2,92.23,7.02,0.75,4.64,61.93
355,2025-08-01,Punjab National Bank,1131.31,91.2,8.61,0.19,3.52,97.66
356,2025-08-01,Kotak Mahindra Bank,978.17,92.39,7.47,0.13,2.46,90.51
357,2025-08-01,Canara Bank,970.63,92.73,6.92,0.36,2.54,89.02
358,2025-08-01,Axis Bank Ltd.,902.87,94.96,5.03,0.02,1.77,99.76
359,2025-08-01,ICICI Bank Ltd.,752.78,95.66,3.82,0.52,2.11,84.15
360,2025-08-01,India Post Payments Bank Limited,674.59,87.92,11.15,0.93,3.26,74.86
361,2025-08-01,Indian Bank,653.87,93.05,6.81,0.14,1.35,1.9
362,2025-08-01,Airtel Payments Bank Limited,637.23,85.83,14.05,0.12,2.61,99.17
363,2025-08-01,Bank Of India,605.1,88.96,6.72,4.32,5.14,57.77
364,2025-08-01,Indian Overseas Bank,330.15,92.9,6.47,0.64,1.24,46.6
365,2025-08-01,Central Bank of India,307.77,91.12,7.81,1.08,1.65,80.86
366,2025-08-01,UCO Bank,283.93,91.7,7.93,0.37,0.94,85.11
367,2025-08-01,Federal Bank Ltd.,266.43,93.11,6.3,0.59,0.77,84.27
368,2025-08-01,Fino Payments Bank Ltd.,237.47,86.17,12.42,1.42,1.08,85.22
369,2025-08-01,Bank of Maharashtra,218.97,93.57,6.37,0.06,0.55,92.61
370,2025-08-01,Indusind Bank Ltd.,216.95,90.15,9.59,0.26,0.81,72.79
371,2025-08-01,IDBI Bank Ltd.,206.69,92.78,6.38,0.83,0.67,83.82
372,2025-08-01,Yes Bank Ltd.,177.66,91.49,8.37,0.15,0.3,84.27
373,2025-08-01,Karnataka Bank,142.0,92.82,7.11,0.07,0.31,88.41
374,2025-08-01,Tri O Tech Solutions Private Limited,134.92,100.0,0.0,0.0,,0.0
375,2025-08-01,IDFC Bank Ltd.,120.47,93.64,6.28,0.08,0.28,89.06
376,2025-08-01,The Jammu & Kashmir Bank Limited,99.01,93.01,5.82,1.17,0.68,36.82
377,2025-08-01,Karur Vysya Bank,95.13,92.9,6.51,0.59,0.25,83.08
378,2025-08-01,Bandhan Bank limited,92.44,94.48,5.37,0.15,0.31,97.93
379,2025-08-01,AU Small Finance Bank,79.26,88.14,9.53,2.33,0.67,52.38
380,2025-08-01,The South Indian Bank Limited,76.06,95.03,4.73,0.24,0.13,98.14
381,2025-08-01,JIO Payments Bank Ltd,61.01,84.15,12.3,3.55,0.54,87.22
382,2025-08-01,Punjab and Sind Bank,59.04,90.64,8.5,0.86,0.31,83.01
383,2025-08-01,City Union Bank,57.26,92.59,7.3,0.11,0.1,99.53
384,2025-08-01,Tamilnad Mercantile Bank Limited,55.86,92.16,6.56,1.28,0.2,54.34
385,2025-08-01,Ujjivan Small Finance Bank Limited,54.77,90.46,8.26,1.28,0.21,71.19
386,2025-08-01,Baroda U.P. Bank,53.78,87.67,4.69,7.63,0.92,44.49
387,2025-08-01,NSDL Payments Bank Limited,51.33,85.08,13.62,1.3,0.39,71.78
388,2025-08-01,Kerala Gramin Bank,50.92,90.77,6.54,2.69,0.51,70.32
389,2025-08-01,Telangana Grameena Bank,40.42,88.02,9.51,2.47,0.35,44.22
390,2025-08-01,Maharashtra Gramin Bank,38.08,83.77,13.79,2.44,0.23,52.46
391,2025-08-01,ESAF Small Finance Bank Ltd,34.96,95.92,4.01,0.08,0.08,98.84
392,2025-08-01,Karnataka Gramin Bank,34.89,88.91,9.83,1.26,0.23,67.83
393,2025-08-01,Rajasthan Marudhara Gramin Bank,32.73,85.57,11.74,2.69,0.4,31.73
394,2025-08-01,RBL Bank Ltd.,32.15,92.71,6.73,0.56,0.09,76.46
395,2025-08-01,Andhra Pragathi Grameena Bank,32.07,83.11,13.12,3.77,0.24,60.28
396,2025-08-01,DBS Bank India Limited,31.37,92.08,6.44,1.48,0.11,60.18
397,2025-08-01,Saraswat Co-operative Bank,30.02,94.06,4.57,1.37,0.09,71.34
398,2025-08-01,Equitas Small Finance Bank,29.43,91.02,8.64,0.33,0.1,68.99
399,2025-08-01,Axis Bank Credit Card,28.41,95.02,4.91,0.08,0.07,99.83
400,2025-08-01,Sarva Haryana Gramin Bank,26.5,92.03,4.46,3.51,0.24,42.86
401,2025-09-01,State Bank of India,5275.12,93.04,6.32,0.64,17.37,91.38
402,2025-09-01,HDFC Bank Ltd.,1536.13,95.06,4.94,0.01,3.51,97.83
403,2025-09-01,Bank of Baroda,1356.34,91.15,8.73,0.13,4.21,97.01
404,2025-09-01,Union Bank of India,1215.12,92.8,7.15,0.05,3.43,92.32
405,2025-09-01,Punjab National Bank,1118.17,89.93,9.93,0.14,3.6,96.6
406,2025-09-01,Kotak Mahindra Bank,965.85,92.3,7.6,0.1,2.5,94.28
407,2025-09-01,Canara Bank,962.6,92.52,7.19,0.28,2.71,86.72
408,2025-09-01,Axis Bank Ltd.,902.48,94.95,5.04,0.01,1.96,96.25
409,2025-09-01,ICICI Bank Ltd.,730.11,95.92,4.07,0.01,1.36,97.44
410,2025-09-01,India Post Payments Bank Limited,657.46,85.38,13.18,1.44,4.61,59.76
411,2025-09-01,Indian Bank,647.09,92.65,7.16,0.2,1.77,1.77
412,2025-09-01,Airtel Payments Bank Limited,626.6,84.66,15.11,0.23,3.3,96.95
413,2025-09-01,Bank Of India,603.94,93.55,6.26,0.19,2.34,89.43
414,2025-09-01,Indian Overseas Bank,329.04,93.42,6.32,0.26,1.24,74.44
415,2025-09-01,Central Bank of India,311.91,91.34,7.99,0.66,1.41,91.49
416,2025-09-01,UCO Bank,281.68,90.75,8.47,0.79,1.56,66.23
417,2025-09-01,Federal Bank Ltd.,259.32,93.47,6.48,0.05,0.58,97.05
418,2025-09-01,Fino Payments Bank Ltd.,231.13,85.06,13.61,1.32,1.07,86.03
419,2025-09-01,Indusind Bank Ltd.,213.9,89.6,10.1,0.3,0.91,73.64
420,2025-09-01,Bank of Maharashtra,213.37,93.2,6.49,0.3,0.76,72.18
421,2025-09-01,IDBI Bank Ltd.,201.57,93.14,6.35,0.51,0.69,76.64
422,2025-09-01,Yes Bank Ltd.,163.15,90.69,9.17,0.14,0.33,82.27
423,2025-09-01,Karnataka Bank,141.24,92.61,7.22,0.16,0.42,86.07
424,2025-09-01,Tri O Tech Solutions Private Limited,139.13,100.0,0.0,0.0,,0.0
425,2025-09-01,IDFC Bank Ltd.,114.4,93.3,6.67,0.03,0.29,93.12
426,2025-09-01,The Jammu & Kashmir Bank Limited,94.62,93.33,6.2,0.47,0.43,60.3
427,2025-09-01,Karur Vysya Bank,92.71,92.73,6.88,0.4,0.28,89.51
428,2025-09-01,BANDHAN BANK LIMITED,91.72,94.77,4.91,0.32,0.4,90.53
429,2025-09-01,AU Small Finance Bank,77.16,89.48,9.86,0.66,0.35,75.21
430,2025-09-01,The South Indian Bank Limited,73.96,94.74,4.96,0.3,0.14,98.2
431,2025-09-01,HDFC Bank Credit Card HCB,63.77,95.82,4.15,0.03,0.15,98.27
432,2025-09-01,JIO Payments Bank Ltd,63.71,86.3,13.0,0.7,0.41,95.72
433,2025-09-01,Punjab and Sind Bank,59.04,90.1,8.39,1.51,0.43,62.6
434,2025-09-01,City Union Bank,56.06,92.58,7.27,0.15,0.13,96.36
435,2025-09-01,Tamilnad Mercantile Bank Limited,55.19,92.93,6.8,0.28,0.15,89.39
436,2025-09-01,Baroda U.P. Bank,54.02,85.15,4.64,10.22,1.45,43.42
437,2025-09-01,Ujjivan Small Finance Bank Limited,53.83,91.01,8.54,0.45,0.2,85.0
438,2025-09-01,NSDL Payments Bank Limited,50.72,83.8,14.81,1.4,0.43,71.15
439,2025-09-01,Kerala Gramin Bank,49.94,87.81,6.32,5.88,0.88,66.18
440,2025-09-01,SBI Cards and Payment Services Limited,44.04,95.53,4.3,0.18,0.14,97.1
441,2025-09-01,Rajasthan Marudhara Gramin Bank,42.78,86.27,11.97,1.76,0.42,43.83
442,2025-09-01,Telangana Grameena Bank,39.87,88.26,9.3,2.44,0.37,39.15
443,2025-09-01,ESAF Small Finance Bank Ltd,34.03,95.8,4.06,0.14,0.11,88.78
444,2025-09-01,ICICI Bank Credit Card,32.88,95.93,4.02,0.05,0.07,97.11
445,2025-09-01,Andhra Pragathi Grameena Bank,31.46,83.27,13.51,3.22,0.15,63.33
446,2025-09-01,Karnataka Gramin Bank,31.17,83.04,11.11,5.85,0.6,37.6
447,2025-09-01,Maharashtra Gramin Bank,30.47,83.19,13.69,3.12,0.23,50.4
448,2025-09-01,DBS Bank India Limited,30.33,93.33,6.61,0.07,0.08,94.32
449,2025-09-01,RBL Bank Ltd.,29.74,92.7,6.77,0.53,0.1,52.6
450,2025-09-01,Saraswat Co-operative Bank,29.27,94.81,4.68,0.51,0.09,77.34
451,2025-10-01,State Bank of India,5531.27,92.89,6.56,0.55,16.13,93.05
452,2025-10-01,HDFC Bank Ltd.,1638.91,95.09,4.89,0.02,3.91,98.04
453,2025-10-01,Bank of Baroda,1438.02,91.21,8.75,0.04,4.34,99.1
454,2025-10-01,Union Bank of India,1282.39,92.53,7.43,0.04,3.56,93.12
455,2025-10-01,Punjab National Bank,1156.34,90.06,9.73,0.21,4.31,88.88
456,2025-10-01,Kotak Mahindra Bank,1031.11,92.04,7.93,0.03,2.55,97.62
457,2025-10-01,Canara Bank,1014.04,92.52,7.42,0.06,2.56,95.72
458,2025-10-01,Axis Bank Ltd.,954.46,94.92,5.08,0.0,2.0,98.81
459,2025-10-01,ICICI Bank Ltd.,769.72,95.94,4.05,0.01,1.39,99.6
460,2025-10-01,India Post Payments Bank Limited,712.41,85.72,13.54,0.74,3.8,81.92
461,2025-10-01,Indian Bank,687.32,92.42,7.47,0.11,1.8,95.19
462,2025-10-01,Airtel Payments Bank Limited,671.92,83.17,16.77,0.06,2.95,99.32
463,2025-10-01,Bank Of India,642.99,93.23,6.46,0.31,2.64,89.57
464,2025-10-01,Indian Overseas Bank,350.56,93.12,6.82,0.07,1.02,97.18
465,2025-10-01,Central Bank of India,333.63,90.91,8.58,0.51,1.5,88.89
466,2025-10-01,UCO Bank,296.04,90.21,9.46,0.33,1.15,91.39
467,2025-10-01,Federal Bank Ltd.,273.16,93.13,6.84,0.04,0.54,99.49
468,2025-10-01,Fino Payments Bank Ltd.,248.52,83.26,14.88,1.86,1.09,88.62
469,2025-10-01,Bank of Maharashtra,230.93,93.5,6.37,0.13,0.65,86.53
470,2025-10-01,Indusind Bank Ltd.,225.19,88.93,10.76,0.31,0.97,69.45
471,2025-10-01,IDBI Bank Ltd.,210.68,93.7,5.93,0.37,0.63,76.49
472,2025-10-01,Yes Bank Ltd.,189.91,91.86,8.05,0.09,0.33,85.78
473,2025-10-01,Karnataka Bank,147.34,92.27,7.53,0.2,0.57,93.86
474,2025-10-01,Tri O Tech Solutions Private Limited,145.04,100.0,0.0,0.0,,0.0
475,2025-10-01,IDFC Bank Ltd.,121.18,92.94,6.95,0.12,0.31,91.77
476,2025-10-01,The Jammu & Kashmir Bank Limited,103.76,92.63,6.05,1.32,0.73,47.98
477,2025-10-01,Karur Vysya Bank,95.19,92.21,7.4,0.38,0.27,78.5
478,2025-10-01,BANDHAN BANK LIMITED,94.16,94.98,4.68,0.34,0.37,98.35
479,2025-10-01,AU Small Finance Bank,82.21,87.77,10.42,1.81,0.63,42.32
480,2025-10-01,The South Indian Bank Limited,76.87,94.75,5.19,0.06,0.14,97.24
481,2025-10-01,JIO Payments Bank Ltd,71.17,85.77,13.86,0.37,0.55,94.36
482,2025-10-01,Punjab and Sind Bank,61.44,86.2,8.82,4.98,0.77,42.63
483,2025-10-01,Uttar Pradesh Gramin Bank,61.35,89.55,5.84,4.61,0.89,46.5
484,2025-10-01,NSDL Payments Bank Limited,58.08,82.56,17.11,0.33,0.37,90.05
485,2025-10-01,City Union Bank,57.97,92.33,7.51,0.16,0.13,99.47
486,2025-10-01,Tamilnad Mercantile Bank Limited,57.59,92.63,6.98,0.39,0.15,84.16
487,2025-10-01,Ujjivan Small Finance Bank Limited,56.36,90.2,9.18,0.62,0.22,77.59
488,2025-10-01,Kerala Gramin Bank,51.97,91.01,6.91,2.08,0.35,71.49
489,2025-10-01,Rajasthan Gramin Bank,47.67,86.98,12.21,0.81,0.4,57.06
490,2025-10-01,Karnataka Gramin Bank,44.83,83.94,12.24,3.82,0.71,56.17
491,2025-10-01,Telangana Grameena Bank,42.49,87.93,10.0,2.07,0.4,33.13
492,2025-10-01,Maharashtra Gramin Bank,37.14,85.22,13.29,1.49,0.21,45.64
493,2025-10-01,ESAF Small Finance Bank Ltd,35.02,95.61,4.16,0.23,0.1,96.51
494,2025-10-01,Slice Small Finance Bank,34.08,95.78,3.89,0.33,0.16,81.2
495,2025-10-01,Saraswat Co-operative Bank,32.19,94.7,4.7,0.59,0.1,72.24
496,2025-10-01,DBS Bank India Limited,31.38,92.84,7.15,0.01,0.07,96.29
497,2025-10-01,RBL Bank Ltd.,29.59,91.84,8.06,0.1,0.06,87.04
498,2025-10-01,Equitas Small Finance Bank,29.1,91.05,8.67,0.28,0.09,84.1
499,2025-10-01,Sarva Haryana Gramin Bank,27.74,92.99,6.01,1.0,0.17,68.88
500,2025-10-01,Standard Chartered Bank,23.0,96.32,3.62,0.06,0.04,90.06
501,2025-11-01,State Bank of India,5514.06,92.79,6.92,0.29,18.57,97.75
502,2025-11-01,HDFC Bank Ltd.,1587.84,94.88,5.1,0.02,3.67,93.8
503,2025-11-01,Bank of Baroda,1420.1,90.48,9.41,0.11,5.06,96.82
504,2025-11-01,Union Bank of India,1274.78,91.99,7.88,0.14,3.87,91.57
505,2025-11-01,Punjab National Bank,1130.68,90.3,9.43,0.28,4.67,95.99
506,2025-11-01,Canara Bank,1012.47,91.63,7.7,0.67,3.88,79.02
507,2025-11-01,Kotak Mahindra Bank,1010.55,91.41,8.21,0.38,3.95,70.97
508,2025-11-01,Axis Bank Ltd.,989.22,94.98,5.02,0.0,2.03,98.48
509,2025-11-01,ICICI Bank Ltd.,743.57,95.93,3.98,0.09,1.38,96.94
510,2025-11-01,India Post Payments Bank Limited,722.11,85.09,14.21,0.7,5.16,76.92
511,2025-11-01,Indian Bank,688.17,91.09,8.63,0.28,2.31,89.63
512,2025-11-01,Airtel Payments Bank Limited,655.9,81.72,18.05,0.23,4.37,94.53
513,2025-11-01,Bank Of India,637.79,92.42,6.92,0.66,2.99,83.83
514,2025-11-01,Indian Overseas Bank,353.99,91.16,6.79,2.05,3.68,78.85
515,2025-11-01,Central Bank of India,334.49,90.4,8.67,0.93,1.96,86.33
516,2025-11-01,UCO Bank,293.38,89.8,10.11,0.09,1.07,93.31
517,2025-11-01,Federal Bank Ltd.,270.16,92.86,7.11,0.03,0.57,98.44
518,2025-11-01,Fino Payments Bank Ltd.,242.83,81.31,17.35,1.34,1.28,91.41
519,2025-11-01,Bank of Maharashtra,228.31,93.27,6.65,0.08,0.66,88.18
520,2025-11-01,Indusind Bank Ltd.,218.34,87.95,11.3,0.74,1.08,74.18
521,2025-11-01,IDBI Bank Ltd.,205.9,93.76,6.1,0.14,0.59,85.48
522,2025-11-01,Yes Bank Ltd.,175.69,90.99,8.83,0.17,0.38,73.48
523,2025-11-01,Tri O Tech Solutions Private Limited,148.71,100.0,0.0,0.0,,0.0
524,2025-11-01,Karnataka Bank,147.88,92.2,7.66,0.13,0.51,98.75
525,2025-11-01,IDFC Bank Ltd.,121.41,92.87,7.08,0.05,0.3,92.31
526,2025-11-01,The Jammu & Kashmir Bank Limited,102.21,92.45,6.32,1.23,0.85,53.26
527,2025-11-01,Karur Vysya Bank,95.46,92.91,6.97,0.12,0.25,88.84
528,2025-11-01,BANDHAN BANK LIMITED,92.91,94.34,4.54,1.12,0.63,65.61
529,2025-11-01,AU Small Finance Bank,79.93,88.12,10.93,0.95,0.44,75.06
530,2025-11-01,The South Indian Bank Limited,77.11,94.27,5.49,0.24,0.14,91.76
531,2025-11-01,JIO Payments Bank Ltd,75.81,82.97,15.06,1.97,0.84,86.61
532,2025-11-01,Uttar Pradesh Gramin Bank,65.09,91.7,4.8,3.5,0.94,48.08
533,2025-11-01,Punjab and Sind Bank,59.84,90.13,9.04,0.83,0.3,95.9
534,2025-11-01,NSDL Payments Bank Limited,58.75,81.88,17.43,0.69,0.56,89.64
535,2025-11-01,City Union Bank,57.73,92.19,7.72,0.08,0.11,98.9
536,2025-11-01,Tamilnad Mercantile Bank Limited,57.69,92.37,7.18,0.45,0.17,79.53
537,2025-11-01,Ujjivan Small Finance Bank Limited,55.38,90.12,9.66,0.22,0.2,94.77
538,2025-11-01,Kerala Gramin Bank,52.13,92.25,6.96,0.78,0.29,54.51
539,2025-11-01,Rajasthan Gramin Bank,49.22,84.89,12.28,2.83,0.48,58.94
540,2025-11-01,Karnataka Gramin Bank,48.12,87.01,10.7,2.29,0.51,55.91
541,2025-11-01,Telangana Grameena Bank,44.51,88.25,10.18,1.57,0.2,79.41
542,2025-11-01,Slice Small Finance Bank Ltd,40.67,95.52,4.28,0.2,0.22,88.89
543,2025-11-01,Maharashtra Gramin Bank,37.47,85.79,13.44,0.76,0.17,58.41
544,2025-11-01,ESAF Small Finance Bank Ltd,34.85,95.3,4.07,0.64,0.13,87.85
545,2025-11-01,Andhra Pradesh Grameena Bank,31.72,89.48,8.96,1.56,0.24,57.35
546,2025-11-01,Saraswat Co-operative Bank,31.18,94.43,5.13,0.44,0.08,80.17
547,2025-11-01,DBS Bank India Limited,30.93,92.4,7.47,0.13,0.08,94.01
548,2025-11-01,RBL Bank Ltd.,28.73,91.68,7.94,0.38,0.07,74.05
549,2025-11-01,Equitas Small Finance Bank,28.07,90.71,9.09,0.2,0.09,96.14
550,2025-11-01,Sarva Haryana Gramin Bank,26.58,92.15,7.47,0.39,0.17,82.97
551,2025-12-01,State Bank of India,5833.74,91.89,7.54,0.57,18.25,97.54
552,2025-12-01,HDFC Bank Ltd.,1654.3,94.3,5.67,0.03,3.88,92.97
553,2025-12-01,Bank of Baroda,1514.5,89.57,10.32,0.11,5.36,98.9
554,2025-12-01,Union Bank of India,1346.98,90.75,8.66,0.58,5.47,67.95
555,2025-12-01,Punjab National Bank,1206.23,89.29,10.15,0.56,5.64,89.78
556,2025-12-01,Axis Bank Ltd.,1107.12,94.87,5.12,0.01,2.11,99.69
557,2025-12-01,Canara Bank,1076.87,90.95,8.24,0.8,4.54,76.4
558,2025-12-01,Kotak Mahindra Bank,1075.99,90.79,9.19,0.01,3.01,96.27
559,2025-12-01,ICICI Bank Ltd.,777.48,95.74,4.2,0.05,1.4,97.08
560,2025-12-01,India Post Payments Bank Limited,770.88,84.39,14.98,0.63,4.63,92.76
561,2025-12-01,Indian Bank,728.78,91.08,8.69,0.22,2.51,92.97
562,2025-12-01,Airtel Payments Bank Limited,713.93,80.83,18.93,0.24,4.42,93.44
563,2025-12-01,Bank Of India,675.44,92.49,7.29,0.22,2.58,94.4
564,2025-12-01,Indian Overseas Bank,373.86,91.34,7.65,1.01,1.21,69.35
565,2025-12-01,Central Bank of India,361.51,89.74,9.46,0.81,2.29,82.16
566,2025-12-01,UCO Bank,311.19,89.39,10.46,0.15,1.31,86.85
567,2025-12-01,Federal Bank Ltd.,287.32,92.27,7.62,0.11,0.65,95.84
568,2025-12-01,Fino Payments Bank Ltd.,257.61,81.75,17.75,0.51,1.41,89.47
569,2025-12-01,Bank of Maharashtra,241.41,92.5,7.23,0.27,0.78,75.21
570,2025-12-01,Indusind Bank Ltd.,232.46,87.6,12.15,0.25,1.03,76.41
571,2025-12-01,IDBI Bank Ltd.,216.21,92.87,6.73,0.4,0.7,74.23
572,2025-12-01,Yes Bank Ltd.,182.31,90.49,9.39,0.12,0.34,87.17
573,2025-12-01,Karnataka Bank,158.04,91.61,8.24,0.15,0.54,94.62
574,2025-12-01,Tri O Tech Solutions Private Limited,157.89,100.0,0.0,0.0,,0.0
575,2025-12-01,IDFC Bank Ltd.,126.76,92.29,7.68,0.03,0.33,88.23
576,2025-12-01,The Jammu & Kashmir Bank Limited,107.49,92.54,6.96,0.5,0.63,77.36
577,2025-12-01,Karur Vysya Bank,102.37,92.51,7.37,0.12,0.3,84.63
578,2025-12-01,BANDHAN BANK LIMITED,97.47,95.42,4.58,0.0,0.43,97.99
579,2025-12-01,JIO Payments Bank Ltd,85.37,80.99,16.26,2.75,1.08,97.16
580,2025-12-01,AU Small Finance Bank,85.25,88.18,11.66,0.16,0.35,91.62
581,2025-12-01,The South Indian Bank Limited,81.38,94.38,5.58,0.04,0.15,99.04
582,2025-12-01,Uttar Pradesh Gramin Bank,71.45,91.42,4.52,4.06,1.04,45.06
583,2025-12-01,NSDL Payments Bank Limited,67.06,79.15,18.67,2.19,0.86,76.31
584,2025-12-01,Punjab and Sind Bank,62.97,87.64,10.95,1.41,0.52,60.95
585,2025-12-01,Tamilnad Mercantile Bank Limited,62.47,91.74,7.44,0.83,0.25,70.9
586,2025-12-01,City Union Bank,61.25,91.82,8.11,0.07,0.15,95.68
587,2025-12-01,Ujjivan Small Finance Bank Limited,59.73,88.34,11.5,0.16,0.21,94.27
588,2025-12-01,Kerala Gramin Bank,55.2,92.26,7.43,0.31,0.21,67.92
589,2025-12-01,Rajasthan Gramin Bank,54.91,84.05,12.66,3.29,0.69,50.33
590,2025-12-01,Karnataka Gramin Bank,53.94,88.85,10.88,0.27,0.22,77.66
591,2025-12-01,Slice Small Finance Bank,48.39,95.36,4.51,0.12,0.22,90.62
592,2025-12-01,Telangana Grameena Bank,47.72,88.63,10.65,0.71,0.19,90.13
593,2025-12-01,Andhra Pradesh Grameena Bank,39.67,91.41,7.66,0.93,0.23,55.25
594,2025-12-01,Maharashtra Gramin Bank,39.27,84.54,13.94,1.52,0.26,37.41
595,2025-12-01,ESAF Small Finance Bank Ltd,36.95,95.86,3.85,0.3,0.12,96.96
596,2025-12-01,Saraswat Co-operative Bank,33.09,94.17,5.28,0.56,0.1,70.21
597,2025-12-01,DBS Bank India Limited,32.42,91.93,8.02,0.05,0.08,95.64
598,2025-12-01,RBL Bank Ltd.,31.79,92.57,7.36,0.07,0.06,89.37
599,2025-12-01,Equitas Small Finance Bank,29.61,90.25,9.74,0.01,0.09,99.47
600,2025-12-01,Sarva Haryana Gramin Bank,27.78,91.17,6.97,1.87,0.38,45.62
